ID,カテゴリコード,カテゴリ名,語句,文字数,学年,使用,メモ
1,seion,清音,あ,1,,○,
2,seion,清音,い,1,,○,
3,seion,清音,う,1,,○,
4,seion,清音,え,1,,○,
5,seion,清音,お,1,,○,
6,seion,清音,か,1,,○,
7,seion,清音,き,1,,○,
8,seion,清音,く,1,,○,
9,seion,清音,け,1,,○,
10,seion,清音,こ,1,,○,
11,seion,清音,さ,1,,○,
12,seion,清音,し,1,,○,
13,seion,清音,す,1,,○,
14,seion,清音,せ,1,,○,
15,seion,清音,そ,1,,○,
16,seion,清音,た,1,,○,
17,seion,清音,ち,1,,○,
18,seion,清音,つ,1,,○,
19,seion,清音,て,1,,○,
20,seion,清音,と,1,,○,
21,seion,清音,な,1,,○,
22,seion,清音,に,1,,○,
23,seion,清音,ぬ,1,,○,
24,seion,清音,ね,1,,○,
25,seion,清音,の,1,,○,
26,seion,清音,は,1,,○,
27,seion,清音,ひ,1,,○,
28,seion,清音,ふ,1,,○,
29,seion,清音,へ,1,,○,
30,seion,清音,ほ,1,,○,
31,seion,清音,ま,1,,○,
32,seion,清音,み,1,,○,
33,seion,清音,む,1,,○,
34,seion,清音,め,1,,○,
35,seion,清音,も,1,,○,
36,seion,清音,や,1,,○,
37,seion,清音,ゆ,1,,○,
38,seion,清音,よ,1,,○,
39,seion,清音,ら,1,,○,
40,seion,清音,り,1,,○,
41,seion,清音,る,1,,○,
42,seion,清音,れ,1,,○,
43,seion,清音,ろ,1,,○,
44,seion,清音,わ,1,,○,
45,seion,清音,を,1,,○,
46,seion,清音,ん,1,,○,
47,seion,清音,あさ,2,,○,
48,seion,清音,あし,2,,○,
49,seion,清音,あめ,2,,○,
50,seion,清音,いえ,2,,○,
51,seion,清音,いす,2,,○,
52,seion,清音,うし,2,,○,
53,seion,清音,うた,2,,○,
54,seion,清音,えき,2,,○,
55,seion,清音,おか,2,,○,
56,seion,清音,かお,2,,○,
57,seion,清音,かさ,2,,○,
58,seion,清音,かに,2,,○,
59,seion,清音,きく,2,,○,
60,seion,清音,くし,2,,○,
61,seion,清音,くつ,2,,○,
62,seion,清音,けむり,3,,○,
63,seion,清音,こえ,2,,○,
64,seion,清音,ここ,2,,○,
65,seion,清音,さけ,2,,○,
66,seion,清音,さる,2,,○,
67,seion,清音,しか,2,,○,
68,seion,清音,しお,2,,○,
69,seion,清音,すし,2,,○,
70,seion,清音,せみ,2,,○,
71,seion,清音,そら,2,,○,
72,seion,清音,たこ,2,,○,
73,seion,清音,たね,2,,○,
74,seion,清音,つき,2,,○,
75,seion,清音,つの,2,,○,
76,seion,清音,てら,2,,○,
77,seion,清音,とり,2,,○,
78,seion,清音,なし,2,,○,
79,seion,清音,なつ,2,,○,
80,seion,清音,にし,2,,○,
81,seion,清音,ぬの,2,,○,
82,seion,清音,ねこ,2,,○,
83,seion,清音,のり,2,,○,
84,seion,清音,はな,2,,○,
85,seion,清音,はね,2,,○,
86,seion,清音,ひと,2,,○,
87,seion,清音,ふね,2,,○,
88,seion,清音,へそ,2,,○,
89,seion,清音,ほし,2,,○,
90,seion,清音,まち,2,,○,
91,seion,清音,まめ,2,,○,
92,seion,清音,みみ,2,,○,
93,seion,清音,むし,2,,○,
94,seion,清音,めし,2,,○,
95,seion,清音,もも,2,,○,
96,seion,清音,やま,2,,○,
97,seion,清音,ゆき,2,,○,
98,seion,清音,よる,2,,○,
99,seion,清音,りす,2,,○,
100,seion,清音,わに,2,,○,
101,seion,清音,あさひ,3,,○,
102,seion,清音,いなか,3,,○,
103,seion,清音,うみべ,3,,○,
104,seion,清音,えのき,3,,○,
105,seion,清音,おにぎり,4,,○,
106,seion,清音,かえる,3,,○,
107,seion,清音,きのこ,3,,○,
108,seion,清音,くるま,3,,○,
109,seion,清音,けしき,3,,○,
110,seion,清音,こいぬ,3,,○,
111,seion,清音,さかな,3,,○,
112,seion,清音,しろくま,4,,○,
113,seion,清音,すいか,3,,○,
114,seion,清音,せなか,3,,○,
115,seion,清音,たまご,3,,○,
116,seion,清音,ちから,3,,○,
117,seion,清音,つくえ,3,,○,
118,seion,清音,てぬき,3,,○,
119,seion,清音,となり,3,,○,
120,seion,清音,なみだ,3,,○,
121,seion,清音,にわとり,4,,○,
122,seion,清音,ねむり,3,,○,
123,seion,清音,のはら,3,,○,
124,seion,清音,はさみ,3,,○,
125,seion,清音,ひよこ,3,,○,
126,seion,清音,ふくろ,3,,○,
127,seion,清音,へや,2,,○,
128,seion,清音,ほたる,3,,○,
129,seion,清音,まくら,3,,○,
130,seion,清音,みかん,3,,○,
131,seion,清音,むこう,3,,○,
132,seion,清音,めろん,3,,○,
133,seion,清音,もみじ,3,,○,
134,seion,清音,やさい,3,,○,
135,seion,清音,ゆうひ,3,,○,
136,seion,清音,よこ,2,,○,
137,seion,清音,らいおん,4,,○,
138,seion,清音,りんご,3,,○,
139,seion,清音,るす,2,,○,
140,seion,清音,れきし,3,,○,
141,seion,清音,わらい,3,,○,
142,seion,清音,あさがお,4,,○,
143,seion,清音,いもうと,4,,○,
144,seion,清音,うきわ,3,,○,
145,seion,清音,えんそく,4,,○,
146,seion,清音,おひさま,4,,○,
147,seion,清音,かみひこうき,6,,○,
148,seion,清音,くつした,4,,○,
149,seion,清音,こいのぼり,5,,○,
150,seion,清音,さくら,3,,○,
151,seion,清音,しんかんせん,6,,○,
152,seion,清音,すべりだい,5,,○,
153,seion,清音,たけのこ,4,,○,
154,seion,清音,つみき,3,,○,
155,seion,清音,てぶくろ,4,,○,
156,seion,清音,とけい,3,,○,
157,seion,清音,なわとび,4,,○,
158,seion,清音,ひまわり,4,,○,
159,seion,清音,ふでばこ,4,,○,
160,seion,清音,ほうれんそう,6,,○,
161,seion,清音,まつぼっくり,6,,○,
162,dakuon,濁音,が,1,,○,
163,dakuon,濁音,ぎ,1,,○,
164,dakuon,濁音,ぐ,1,,○,
165,dakuon,濁音,げ,1,,○,
166,dakuon,濁音,ご,1,,○,
167,dakuon,濁音,ざ,1,,○,
168,dakuon,濁音,じ,1,,○,
169,dakuon,濁音,ず,1,,○,
170,dakuon,濁音,ぜ,1,,○,
171,dakuon,濁音,ぞ,1,,○,
172,dakuon,濁音,だ,1,,○,
173,dakuon,濁音,ぢ,1,,○,
174,dakuon,濁音,づ,1,,○,
175,dakuon,濁音,で,1,,○,
176,dakuon,濁音,ど,1,,○,
177,dakuon,濁音,ば,1,,○,
178,dakuon,濁音,び,1,,○,
179,dakuon,濁音,ぶ,1,,○,
180,dakuon,濁音,べ,1,,○,
181,dakuon,濁音,ぼ,1,,○,
182,dakuon,濁音,かぎ,2,,○,
183,dakuon,濁音,かご,2,,○,
184,dakuon,濁音,くぎ,2,,○,
185,dakuon,濁音,ごま,2,,○,
186,dakuon,濁音,ざる,2,,○,
187,dakuon,濁音,じかん,3,,○,
188,dakuon,濁音,ずこう,3,,○,
189,dakuon,濁音,だい,2,,○,
190,dakuon,濁音,どあ,2,,○,
191,dakuon,濁音,ばす,2,,○,
192,dakuon,濁音,びわ,2,,○,
193,dakuon,濁音,ぶた,2,,○,
194,dakuon,濁音,べる,2,,○,
195,dakuon,濁音,ぼうし,3,,○,
196,dakuon,濁音,えだ,2,,○,
197,dakuon,濁音,かべ,2,,○,
198,dakuon,濁音,かばん,3,,○,
199,dakuon,濁音,くだもの,4,,○,
200,dakuon,濁音,こども,3,,○,
201,dakuon,濁音,さば,2,,○,
202,dakuon,濁音,じしん,3,,○,
203,dakuon,濁音,じどう,3,,○,
204,dakuon,濁音,だるま,3,,○,
205,dakuon,濁音,でんわ,3,,○,
206,dakuon,濁音,どんぐり,4,,○,
207,dakuon,濁音,ばなな,3,,○,
208,dakuon,濁音,ぶどう,3,,○,
209,dakuon,濁音,べんち,3,,○,
210,dakuon,濁音,ぼたん,3,,○,
211,dakuon,濁音,まど,2,,○,
212,dakuon,濁音,みず,2,,○,
213,dakuon,濁音,ゆび,2,,○,
214,dakuon,濁音,よごれ,3,,○,
215,dakuon,濁音,がっき,3,,○,
216,dakuon,濁音,がめん,3,,○,
217,dakuon,濁音,ぎんこう,4,,○,
218,dakuon,濁音,ぐみ,2,,○,
219,dakuon,濁音,げた,2,,○,
220,dakuon,濁音,ごはん,3,,○,
221,dakuon,濁音,ざぶとん,4,,○,
222,dakuon,濁音,じてんしゃ,5,,○,
223,dakuon,濁音,ずぼん,3,,○,
224,dakuon,濁音,ぜんぶ,3,,○,
225,dakuon,濁音,ぞう,2,,○,
226,dakuon,濁音,だいこん,4,,○,
227,dakuon,濁音,でぐち,3,,○,
228,dakuon,濁音,どうぶつ,4,,○,
229,dakuon,濁音,ばけつ,3,,○,
230,dakuon,濁音,びょういん,5,,○,
231,dakuon,濁音,ぶんぼうぐ,5,,○,
232,dakuon,濁音,べんとう,4,,○,
233,dakuon,濁音,ぼうけん,4,,○,
234,dakuon,濁音,おばけ,3,,○,
235,dakuon,濁音,かがみ,3,,○,
236,dakuon,濁音,くじら,3,,○,
237,dakuon,濁音,げんき,3,,○,
238,dakuon,濁音,こぐま,3,,○,
239,dakuon,濁音,たまご,3,,○,
240,dakuon,濁音,ちず,2,,○,
241,dakuon,濁音,つばさ,3,,○,
242,dakuon,濁音,でんき,3,,○,
243,dakuon,濁音,ながぐつ,4,,○,
244,dakuon,濁音,はがき,3,,○,
245,dakuon,濁音,ひげ,2,,○,
246,dakuon,濁音,ふで,2,,○,
247,dakuon,濁音,まぐろ,3,,○,
248,dakuon,濁音,みずうみ,4,,○,
249,dakuon,濁音,むぎちゃ,4,,○,
250,dakuon,濁音,めがね,3,,○,
251,dakuon,濁音,やぎ,2,,○,
252,dakuon,濁音,りぼん,3,,○,
253,handakuon,半濁音,ぱ,1,,○,
254,handakuon,半濁音,ぴ,1,,○,
255,handakuon,半濁音,ぷ,1,,○,
256,handakuon,半濁音,ぺ,1,,○,
257,handakuon,半濁音,ぽ,1,,○,
258,handakuon,半濁音,ぱん,2,,○,
259,handakuon,半濁音,ぺん,2,,○,
260,handakuon,半濁音,ぽち,2,,○,
261,handakuon,半濁音,ぴん,2,,○,
262,handakuon,半濁音,ぷりん,3,,○,
263,handakuon,半濁音,ぱぱ,2,,○,
264,handakuon,半濁音,ぺこ,2,,○,
265,handakuon,半濁音,ぽん,2,,○,
266,handakuon,半濁音,ぴあの,3,,○,
267,handakuon,半濁音,ぽすと,3,,○,
268,handakuon,半濁音,ぱんだ,3,,○,
269,handakuon,半濁音,ぴーす,3,,○,
270,handakuon,半濁音,ぷーる,3,,○,
271,handakuon,半濁音,ぺっと,3,,○,
272,handakuon,半濁音,ぽけっと,4,,○,
273,handakuon,半濁音,ぱずる,3,,○,
274,handakuon,半濁音,ぴんく,3,,○,
275,handakuon,半濁音,ぷらす,3,,○,
276,handakuon,半濁音,ぺーじ,3,,○,
277,handakuon,半濁音,ぽっと,3,,○,
278,handakuon,半濁音,かっぱ,3,,○,
279,handakuon,半濁音,らっぱ,3,,○,
280,handakuon,半濁音,しっぽ,3,,○,
281,handakuon,半濁音,すりっぱ,4,,○,
282,handakuon,半濁音,こっぷ,3,,○,
283,handakuon,半濁音,きっぷ,3,,○,
284,handakuon,半濁音,てっぺん,4,,○,
285,handakuon,半濁音,はっぱ,3,,○,
286,handakuon,半濁音,さんぽ,3,,○,
287,handakuon,半濁音,でんぽう,4,,○,
288,handakuon,半濁音,ぱせり,3,,○,
289,handakuon,半濁音,ぴーまん,4,,○,
290,handakuon,半濁音,ぷれぜんと,5,,○,
291,handakuon,半濁音,ぺんぎん,4,,○,
292,handakuon,半濁音,ぽすたー,4,,○,
293,handakuon,半濁音,ぱじゃま,4,,○,
294,handakuon,半濁音,ぴくにっく,5,,○,
295,handakuon,半濁音,ぷりんと,4,,○,
296,handakuon,半濁音,ぺんけーす,5,,○,
297,handakuon,半濁音,ぽんぷ,3,,○,
298,sokuon,促音,きって,3,,○,
299,sokuon,促音,がっこう,4,,○,
300,sokuon,促音,ざっし,3,,○,
301,sokuon,促音,きっぷ,3,,○,
302,sokuon,促音,コップ,3,,○,
303,sokuon,促音,にっき,3,,○,
304,sokuon,促音,もっと,3,,○,
305,sokuon,促音,ずっと,3,,○,
306,sokuon,促音,やった,3,,○,
307,sokuon,促音,けっか,3,,○,
308,sokuon,促音,はっぱ,3,,○,
309,sokuon,促音,ベッド,3,,○,
310,sokuon,促音,ラッパ,3,,○,
311,sokuon,促音,チケット,4,,○,
312,sokuon,促音,きっさてん,5,,○,
313,sokuon,促音,せっけん,4,,○,
314,sokuon,促音,けっこん,4,,○,
315,sokuon,促音,こっち,3,,○,
316,sokuon,促音,あっち,3,,○,
317,sokuon,促音,まって,3,,○,
318,sokuon,促音,とって,3,,○,
319,sokuon,促音,かった,3,,○,
320,sokuon,促音,いった,3,,○,
321,sokuon,促音,きった,3,,○,
322,sokuon,促音,のった,3,,○,
323,sokuon,促音,あった,3,,○,
324,sokuon,促音,いっぱい,4,,○,
325,sokuon,促音,しっぱい,4,,○,
326,sokuon,促音,りっぱ,3,,○,
327,sokuon,促音,さっか,3,,○,
328,sokuon,促音,サッカー,4,,○,
329,sokuon,促音,バット,3,,○,
330,sokuon,促音,ネット,3,,○,
331,sokuon,促音,ロケット,4,,○,
332,sokuon,促音,ポケット,4,,○,
333,sokuon,促音,バッグ,3,,○,
334,sokuon,促音,マット,3,,○,
335,sokuon,促音,ペット,3,,○,
336,sokuon,促音,セット,3,,○,
337,sokuon,促音,キッチン,4,,○,
338,sokuon,促音,カップ,3,,○,
339,sokuon,促音,キャップ,4,,○,
340,sokuon,促音,トラック,4,,○,
341,sokuon,促音,スリッパ,4,,○,
342,sokuon,促音,ホット,3,,○,
343,sokuon,促音,ラケット,4,,○,
344,sokuon,促音,パック,3,,○,
345,sokuon,促音,チャック,4,,○,
346,sokuon,促音,ブック,3,,○,
347,sokuon,促音,ヨット,3,,○,
348,sokuon,促音,きっちり,4,,○,
349,sokuon,促音,ゆっくり,4,,○,
350,sokuon,促音,しっかり,4,,○,
351,sokuon,促音,びっくり,4,,○,
352,sokuon,促音,そっと,3,,○,
353,sokuon,促音,きっと,3,,○,
354,sokuon,促音,ちょっと,4,,○,
355,sokuon,促音,やっぱり,4,,○,
356,sokuon,促音,さっき,3,,○,
357,sokuon,促音,まっすぐ,4,,○,
358,sokuon,促音,けっせき,4,,○,
359,sokuon,促音,にっぽん,4,,○,
360,sokuon,促音,はっけん,4,,○,
361,sokuon,促音,けっしょう,5,,○,
362,sokuon,促音,しゅっぱつ,5,,○,
363,sokuon,促音,がっき,3,,○,
364,sokuon,促音,いっしょ,4,,○,
365,sokuon,促音,いったん,4,,○,
366,sokuon,促音,カッター,4,,○,
367,sokuon,促音,クッキー,4,,○,
368,sokuon,促音,クラッカー,5,,○,
369,sokuon,促音,スイッチ,4,,○,
370,sokuon,促音,ステッキ,4,,○,
371,sokuon,促音,チップ,3,,○,
372,sokuon,促音,トップ,3,,○,
373,sokuon,促音,ドッジ,3,,○,
374,sokuon,促音,ニット,3,,○,
375,sokuon,促音,ピッチャー,5,,○,
376,sokuon,促音,ミックス,4,,○,
377,sokuon,促音,ラック,3,,○,
378,sokuon,促音,リュック,4,,○,
379,sokuon,促音,ワッペン,4,,○,
380,sokuon,促音,スタッフ,4,,○,
381,sokuon,促音,ステップ,4,,○,
382,sokuon,促音,ブロック,4,,○,
383,chouon,長音,おかあさん,5,,○,
384,chouon,長音,おにいさん,5,,○,
385,chouon,長音,おねえさん,5,,○,
386,chouon,長音,おとうさん,5,,○,
387,chouon,長音,ひこうき,4,,○,
388,chouon,長音,せんせい,4,,○,
389,chouon,長音,とけい,3,,○,
390,chouon,長音,こうえん,4,,○,
391,chouon,長音,ぼうし,3,,○,
392,chouon,長音,おおきい,4,,○,
393,chouon,長音,おおかみ,4,,○,
394,chouon,長音,おおぞら,4,,○,
395,chouon,長音,おおゆき,4,,○,
396,chouon,長音,こおり,3,,○,
397,chouon,長音,とおる,3,,○,
398,chouon,長音,とおい,3,,○,
399,chouon,長音,ほうき,3,,○,
400,chouon,長音,こうちゃ,4,,○,
401,chouon,長音,そうじ,3,,○,
402,chouon,長音,どうろ,3,,○,
403,chouon,長音,とうふ,3,,○,
404,chouon,長音,どうぶつ,4,,○,
405,chouon,長音,ようふく,4,,○,
406,chouon,長音,きょうしつ,5,,○,
407,chouon,長音,しょうゆ,4,,○,
408,chouon,長音,ちょうちょ,5,,○,
409,chouon,長音,ケーキ,3,,○,
410,chouon,長音,コーヒー,4,,○,
411,chouon,長音,スーパー,4,,○,
412,chouon,長音,ジュース,4,,○,
413,chouon,長音,ボール,3,,○,
414,chouon,長音,ゲーム,3,,○,
415,chouon,長音,プール,3,,○,
416,chouon,長音,ノート,3,,○,
417,chouon,長音,テーブル,4,,○,
418,chouon,長音,メール,3,,○,
419,chouon,長音,セーター,4,,○,
420,chouon,長音,スカート,4,,○,
421,chouon,長音,スープ,3,,○,
422,chouon,長音,チーズ,3,,○,
423,chouon,長音,カード,3,,○,
424,chouon,長音,シール,3,,○,
425,chouon,長音,ゴール,3,,○,
426,chouon,長音,ホース,3,,○,
427,chouon,長音,フォーク,4,,○,
428,chouon,長音,スプーン,4,,○,
429,chouon,長音,コート,3,,○,
430,chouon,長音,ルール,3,,○,
431,chouon,長音,ローラー,4,,○,
432,chouon,長音,こうさてん,5,,○,
433,chouon,長音,こうばん,4,,○,
434,chouon,長音,こうもり,4,,○,
435,chouon,長音,こうよう,4,,○,
436,chouon,長音,とうだい,4,,○,
437,chouon,長音,どうぐ,3,,○,
438,chouon,長音,どうわ,3,,○,
439,chouon,長音,ほうせき,4,,○,
440,chouon,長音,ほうそう,4,,○,
441,chouon,長音,もうふ,3,,○,
442,chouon,長音,ようちえん,5,,○,
443,chouon,長音,ようす,3,,○,
444,chouon,長音,ろうか,3,,○,
445,chouon,長音,おうさま,4,,○,
446,chouon,長音,おうえん,4,,○,
447,chouon,長音,おおあめ,4,,○,
448,chouon,長音,とおまわり,5,,○,
449,chouon,長音,こおろぎ,4,,○,
450,chouon,長音,ボート,3,,○,
451,chouon,長音,ロープ,3,,○,
452,chouon,長音,ソース,3,,○,
453,chouon,長音,ドーナツ,4,,○,
454,chouon,長音,トースト,4,,○,
455,chouon,長音,スキー,3,,○,
456,chouon,長音,スケート,4,,○,
457,chouon,長音,チーム,3,,○,
458,chouon,長音,ビール,3,,○,
459,chouon,長音,ヒーロー,4,,○,
460,chouon,長音,メーター,4,,○,
461,chouon,長音,ラーメン,4,,○,
462,youon,拗音,きゃく,3,,○,
463,youon,拗音,きゅうり,4,,○,
464,youon,拗音,きょう,3,,○,
465,youon,拗音,しゃしん,4,,○,
466,youon,拗音,しゅくだい,5,,○,
467,youon,拗音,しょうゆ,4,,○,
468,youon,拗音,ちゃわん,4,,○,
469,youon,拗音,ちゅうしゃ,5,,○,
470,youon,拗音,ちょきん,4,,○,
471,youon,拗音,りょこう,4,,○,
472,youon,拗音,じてんしゃ,5,,○,
473,youon,拗音,きゃべつ,4,,○,
474,youon,拗音,きょうしつ,5,,○,
475,youon,拗音,きょうだい,5,,○,
476,youon,拗音,きょねん,4,,○,
477,youon,拗音,しゃべる,4,,○,
478,youon,拗音,しゃもじ,4,,○,
479,youon,拗音,しゅうじ,4,,○,
480,youon,拗音,しゅるい,4,,○,
481,youon,拗音,しょうが,4,,○,
482,youon,拗音,しょうぼう,5,,○,
483,youon,拗音,しょうがつ,5,,○,
484,youon,拗音,しょくじ,4,,○,
485,youon,拗音,しょてん,4,,○,
486,youon,拗音,ちゃいろ,4,,○,
487,youon,拗音,ちゅうい,4,,○,
488,youon,拗音,にゅうがく,5,,○,
489,youon,拗音,にゅういん,5,,○,
490,youon,拗音,にゅうよく,5,,○,
491,youon,拗音,ひゃく,3,,○,
492,youon,拗音,ひょうし,4,,○,
493,youon,拗音,びょういん,5,,○,
494,youon,拗音,びょうき,4,,○,
495,youon,拗音,みゃく,3,,○,
496,youon,拗音,りゅう,3,,○,
497,youon,拗音,りょうり,4,,○,
498,youon,拗音,りょかん,4,,○,
499,youon,拗音,りょうしん,5,,○,
500,youon,拗音,ぎゃく,3,,○,
501,youon,拗音,ぎゅうにく,5,,○,
502,youon,拗音,ぎょうざ,4,,○,
503,youon,拗音,じゅうしょ,5,,○,
504,youon,拗音,じゅぎょう,5,,○,
505,youon,拗音,じゅんばん,5,,○,
506,youon,拗音,じょうろ,4,,○,
507,youon,拗音,じょうず,4,,○,
508,youon,拗音,じゃんけん,5,,○,
509,youon,拗音,じゃぐち,4,,○,
510,youon,拗音,ニュース,4,,○,
511,youon,拗音,ジュース,4,,○,
512,youon,拗音,シャツ,3,,○,
513,youon,拗音,シャベル,4,,○,
514,youon,拗音,ショベル,4,,○,
515,youon,拗音,チョーク,4,,○,
516,youon,拗音,キャンプ,4,,○,
517,youon,拗音,キャップ,4,,○,
518,youon,拗音,キューブ,4,,○,
519,youon,拗音,リュック,4,,○,
520,youon,拗音,ジャンプ,4,,○,
521,youon,拗音,ジョウロ,4,,○,
522,youon,拗音,きゅうけい,5,,○,
523,youon,拗音,きゅうしょく,6,,○,
524,youon,拗音,きょうか,4,,○,
525,youon,拗音,きょうみ,4,,○,
526,youon,拗音,きょうりゅう,6,,○,
527,youon,拗音,しゃかい,4,,○,
528,youon,拗音,しゅうまつ,5,,○,
529,youon,拗音,しょうかい,5,,○,
530,youon,拗音,しょうがく,5,,○,
531,youon,拗音,ちゅうおう,5,,○,
532,youon,拗音,ちゅうもん,5,,○,
533,youon,拗音,ちょうし,4,,○,
534,youon,拗音,にゅうせい,5,,○,
535,youon,拗音,ひょうばん,5,,○,
536,youon,拗音,びょうしつ,5,,○,
537,youon,拗音,みょうじ,4,,○,
538,youon,拗音,りゅうこう,5,,○,
539,youon,拗音,りょうほう,5,,○,
540,youon,拗音,ぎょうれつ,5,,○,
541,youon,拗音,じゃがいも,5,,○,
542,youon,拗音,じゅうたい,5,,○,
543,youon,拗音,じょうほう,5,,○,
544,youon,拗音,チャンス,4,,○,
545,youon,拗音,チューリップ,6,,○,
546,youon,拗音,チョコ,3,,○,
547,youon,拗音,シューズ,4,,○,
548,youon,拗音,シャワー,4,,○,
549,youon,拗音,ジャム,3,,○,
550,youon,拗音,ジュニア,4,,○,
551,katakana,カタカナ,アイス,3,,○,
552,katakana,カタカナ,イヌ,2,,○,
553,katakana,カタカナ,ウサギ,3,,○,
554,katakana,カタカナ,エビ,2,,○,
555,katakana,カタカナ,オニ,2,,○,
556,katakana,カタカナ,カメラ,3,,○,
557,katakana,カタカナ,キリン,3,,○,
558,katakana,カタカナ,クイズ,3,,○,
559,katakana,カタカナ,ケーキ,3,,○,
560,katakana,カタカナ,コアラ,3,,○,
561,katakana,カタカナ,サラダ,3,,○,
562,katakana,カタカナ,シール,3,,○,
563,katakana,カタカナ,スイカ,3,,○,
564,katakana,カタカナ,セーター,4,,○,
565,katakana,カタカナ,ソファ,3,,○,
566,katakana,カタカナ,タオル,3,,○,
567,katakana,カタカナ,チーズ,3,,○,
568,katakana,カタカナ,ツナ,2,,○,
569,katakana,カタカナ,テレビ,3,,○,
570,katakana,カタカナ,トマト,3,,○,
571,katakana,カタカナ,ナイフ,3,,○,
572,katakana,カタカナ,ニュース,4,,○,
573,katakana,カタカナ,ネクタイ,4,,○,
574,katakana,カタカナ,ノート,3,,○,
575,katakana,カタカナ,ハンバーグ,5,,○,
576,katakana,カタカナ,ヒーロー,4,,○,
577,katakana,カタカナ,フライパン,5,,○,
578,katakana,カタカナ,ヘルメット,5,,○,
579,katakana,カタカナ,ホテル,3,,○,
580,katakana,カタカナ,マスク,3,,○,
581,katakana,カタカナ,ミルク,3,,○,
582,katakana,カタカナ,メロン,3,,○,
583,katakana,カタカナ,モーター,4,,○,
584,katakana,カタカナ,ヤギ,2,,○,
585,katakana,カタカナ,ユニフォーム,6,,○,
586,katakana,カタカナ,ヨット,3,,○,
587,katakana,カタカナ,ラーメン,4,,○,
588,katakana,カタカナ,リモコン,4,,○,
589,katakana,カタカナ,ルール,3,,○,
590,katakana,カタカナ,レモン,3,,○,
591,katakana,カタカナ,ロボット,4,,○,
592,katakana,カタカナ,ワゴン,3,,○,
593,katakana,カタカナ,アニメ,3,,○,
594,katakana,カタカナ,インク,3,,○,
595,katakana,カタカナ,エアコン,4,,○,
596,katakana,カタカナ,オレンジ,4,,○,
597,katakana,カタカナ,カード,3,,○,
598,katakana,カタカナ,カレー,3,,○,
599,katakana,カタカナ,ガラス,3,,○,
600,katakana,カタカナ,ギター,3,,○,
601,katakana,カタカナ,クラス,3,,○,
602,katakana,カタカナ,ゲーム,3,,○,
603,katakana,カタカナ,ゴール,3,,○,
604,katakana,カタカナ,サッカー,4,,○,
605,katakana,カタカナ,シーツ,3,,○,
606,katakana,カタカナ,スープ,3,,○,
607,katakana,カタカナ,ゼリー,3,,○,
608,katakana,カタカナ,タイヤ,3,,○,
609,katakana,カタカナ,チョコ,3,,○,
610,katakana,カタカナ,テスト,3,,○,
611,katakana,カタカナ,ドア,2,,○,
612,katakana,カタカナ,バス,2,,○,
613,katakana,カタカナ,バナナ,3,,○,
614,katakana,カタカナ,パン,2,,○,
615,katakana,カタカナ,ピアノ,3,,○,
616,katakana,カタカナ,プール,3,,○,
617,katakana,カタカナ,ベッド,3,,○,
618,katakana,カタカナ,ボール,3,,○,
619,katakana,カタカナ,ポスト,3,,○,
620,katakana,カタカナ,マット,3,,○,
621,katakana,カタカナ,ミシン,3,,○,
622,katakana,カタカナ,モップ,3,,○,
623,katakana,カタカナ,ライオン,4,,○,
624,katakana,カタカナ,ランドセル,5,,○,
625,katakana,カタカナ,リボン,3,,○,
626,katakana,カタカナ,レストラン,5,,○,
627,katakana,カタカナ,ロープ,3,,○,
628,katakana,カタカナ,ワイシャツ,5,,○,
629,katakana,カタカナ,ペン,2,,○,
630,katakana,カタカナ,ペット,3,,○,
631,katakana,カタカナ,キャップ,4,,○,
632,katakana,カタカナ,コップ,3,,○,
633,katakana,カタカナ,ジュース,4,,○,
634,katakana,カタカナ,シャツ,3,,○,
635,katakana,カタカナ,スプーン,4,,○,
636,katakana,カタカナ,フォーク,4,,○,
637,katakana,カタカナ,トラック,4,,○,
638,katakana,カタカナ,ドーナツ,4,,○,
639,katakana,カタカナ,パンダ,3,,○,
640,katakana,カタカナ,ピンク,3,,○,
641,katakana,カタカナ,ブーツ,3,,○,
642,katakana,カタカナ,ベンチ,3,,○,
643,katakana,カタカナ,ポケット,4,,○,
644,katakana,カタカナ,マイク,3,,○,
645,katakana,カタカナ,メニュー,4,,○,
646,katakana,カタカナ,ラケット,4,,○,
647,kanji1,漢字1年,一,1,1,○,
648,kanji1,漢字1年,右,1,1,○,
649,kanji1,漢字1年,雨,1,1,○,
650,kanji1,漢字1年,円,1,1,○,
651,kanji1,漢字1年,王,1,1,○,
652,kanji1,漢字1年,音,1,1,○,
653,kanji1,漢字1年,下,1,1,○,
654,kanji1,漢字1年,火,1,1,○,
655,kanji1,漢字1年,花,1,1,○,
656,kanji1,漢字1年,貝,1,1,○,
657,kanji1,漢字1年,学,1,1,○,
658,kanji1,漢字1年,気,1,1,○,
659,kanji1,漢字1年,九,1,1,○,
660,kanji1,漢字1年,休,1,1,○,
661,kanji1,漢字1年,玉,1,1,○,
662,kanji1,漢字1年,金,1,1,○,
663,kanji1,漢字1年,空,1,1,○,
664,kanji1,漢字1年,月,1,1,○,
665,kanji1,漢字1年,犬,1,1,○,
666,kanji1,漢字1年,見,1,1,○,
667,kanji1,漢字1年,五,1,1,○,
668,kanji1,漢字1年,口,1,1,○,
669,kanji1,漢字1年,校,1,1,○,
670,kanji1,漢字1年,左,1,1,○,
671,kanji1,漢字1年,三,1,1,○,
672,kanji1,漢字1年,山,1,1,○,
673,kanji1,漢字1年,子,1,1,○,
674,kanji1,漢字1年,四,1,1,○,
675,kanji1,漢字1年,糸,1,1,○,
676,kanji1,漢字1年,字,1,1,○,
677,kanji1,漢字1年,耳,1,1,○,
678,kanji1,漢字1年,七,1,1,○,
679,kanji1,漢字1年,車,1,1,○,
680,kanji1,漢字1年,手,1,1,○,
681,kanji1,漢字1年,十,1,1,○,
682,kanji1,漢字1年,出,1,1,○,
683,kanji1,漢字1年,女,1,1,○,
684,kanji1,漢字1年,小,1,1,○,
685,kanji1,漢字1年,上,1,1,○,
686,kanji1,漢字1年,森,1,1,○,
687,kanji1,漢字1年,人,1,1,○,
688,kanji1,漢字1年,水,1,1,○,
689,kanji1,漢字1年,正,1,1,○,
690,kanji1,漢字1年,生,1,1,○,
691,kanji1,漢字1年,青,1,1,○,
692,kanji1,漢字1年,夕,1,1,○,
693,kanji1,漢字1年,石,1,1,○,
694,kanji1,漢字1年,赤,1,1,○,
695,kanji1,漢字1年,千,1,1,○,
696,kanji1,漢字1年,川,1,1,○,
697,kanji1,漢字1年,先,1,1,○,
698,kanji1,漢字1年,早,1,1,○,
699,kanji1,漢字1年,草,1,1,○,
700,kanji1,漢字1年,足,1,1,○,
701,kanji1,漢字1年,村,1,1,○,
702,kanji1,漢字1年,大,1,1,○,
703,kanji1,漢字1年,男,1,1,○,
704,kanji1,漢字1年,竹,1,1,○,
705,kanji1,漢字1年,中,1,1,○,
706,kanji1,漢字1年,虫,1,1,○,
707,kanji1,漢字1年,町,1,1,○,
708,kanji1,漢字1年,天,1,1,○,
709,kanji1,漢字1年,田,1,1,○,
710,kanji1,漢字1年,土,1,1,○,
711,kanji1,漢字1年,二,1,1,○,
712,kanji1,漢字1年,日,1,1,○,
713,kanji1,漢字1年,入,1,1,○,
714,kanji1,漢字1年,年,1,1,○,
715,kanji1,漢字1年,白,1,1,○,
716,kanji1,漢字1年,八,1,1,○,
717,kanji1,漢字1年,百,1,1,○,
718,kanji1,漢字1年,文,1,1,○,
719,kanji1,漢字1年,木,1,1,○,
720,kanji1,漢字1年,本,1,1,○,
721,kanji1,漢字1年,名,1,1,○,
722,kanji1,漢字1年,目,1,1,○,
723,kanji1,漢字1年,立,1,1,○,
724,kanji1,漢字1年,力,1,1,○,
725,kanji1,漢字1年,林,1,1,○,
726,kanji1,漢字1年,六,1,1,○,
727,kanji1,漢字1年,一日,2,1,○,
728,kanji1,漢字1年,一人,2,1,○,
729,kanji1,漢字1年,右手,2,1,○,
730,kanji1,漢字1年,大雨,2,1,○,
731,kanji1,漢字1年,百円,2,1,○,
732,kanji1,漢字1年,王子,2,1,○,
733,kanji1,漢字1年,音楽,2,1,○,
734,kanji1,漢字1年,下山,2,1,○,
735,kanji1,漢字1年,花火,2,1,○,
736,kanji1,漢字1年,火山,2,1,○,
737,kanji1,漢字1年,花見,2,1,○,
738,kanji1,漢字1年,貝がら,3,1,○,
739,kanji1,漢字1年,学校,2,1,○,
740,kanji1,漢字1年,学年,2,1,○,
741,kanji1,漢字1年,元気,2,1,○,
742,kanji1,漢字1年,九月,2,1,○,
743,kanji1,漢字1年,休日,2,1,○,
744,kanji1,漢字1年,金魚,2,1,○,
745,kanji1,漢字1年,空気,2,1,○,
746,kanji1,漢字1年,青空,2,1,○,
747,kanji1,漢字1年,月日,2,1,○,
748,kanji1,漢字1年,子犬,2,1,○,
749,kanji1,漢字1年,見る,2,1,○,
750,kanji1,漢字1年,五人,2,1,○,
751,kanji1,漢字1年,入口,2,1,○,
752,kanji1,漢字1年,校門,2,1,○,
753,kanji1,漢字1年,左右,2,1,○,
754,kanji1,漢字1年,三日,2,1,○,
755,kanji1,漢字1年,山道,2,1,○,
756,kanji1,漢字1年,女子,2,1,○,
757,kanji1,漢字1年,四月,2,1,○,
758,kanji1,漢字1年,毛糸,2,1,○,
759,kanji1,漢字1年,文字,2,1,○,
760,kanji1,漢字1年,耳元,2,1,○,
761,kanji1,漢字1年,七日,2,1,○,
762,kanji1,漢字1年,車道,2,1,○,
763,kanji1,漢字1年,手本,2,1,○,
764,kanji1,漢字1年,十円,2,1,○,
765,kanji1,漢字1年,出口,2,1,○,
766,kanji1,漢字1年,女王,2,1,○,
767,kanji1,漢字1年,小石,2,1,○,
768,kanji1,漢字1年,上下,2,1,○,
769,kanji1,漢字1年,森林,2,1,○,
770,kanji1,漢字1年,大人,2,1,○,
771,kanji1,漢字1年,水田,2,1,○,
772,kanji1,漢字1年,正月,2,1,○,
773,kanji1,漢字1年,先生,2,1,○,
774,kanji1,漢字1年,夕日,2,1,○,
775,kanji1,漢字1年,石山,2,1,○,
776,kanji1,漢字1年,赤土,2,1,○,
777,kanji1,漢字1年,千円,2,1,○,
778,kanji1,漢字1年,川上,2,1,○,
779,kanji1,漢字1年,早口,2,1,○,
780,kanji1,漢字1年,草木,2,1,○,
781,kanji1,漢字1年,足音,2,1,○,
782,kanji1,漢字1年,村人,2,1,○,
783,kanji1,漢字1年,大学,2,1,○,
784,kanji1,漢字1年,男子,2,1,○,
785,kanji1,漢字1年,竹林,2,1,○,
786,kanji1,漢字1年,中国,2,1,○,
787,kanji1,漢字1年,虫歯,2,1,○,
788,kanji1,漢字1年,町中,2,1,○,
789,kanji1,漢字1年,天気,2,1,○,
790,kanji1,漢字1年,田中,2,1,○,
791,kanji1,漢字1年,土地,2,1,○,
792,kanji1,漢字1年,二人,2,1,○,
793,kanji1,漢字1年,日本,2,1,○,
794,kanji1,漢字1年,入学,2,1,○,
795,kanji1,漢字1年,白石,2,1,○,
796,kanji1,漢字1年,八日,2,1,○,
797,kanji1,漢字1年,作文,2,1,○,
798,kanji1,漢字1年,木立,2,1,○,
799,kanji1,漢字1年,本名,2,1,○,
800,kanji1,漢字1年,名人,2,1,○,
801,kanji1,漢字1年,目玉,2,1,○,
802,kanji1,漢字1年,立入,2,1,○,
803,kanji1,漢字1年,力士,2,1,○,
804,kanji1,漢字1年,林道,2,1,○,
805,kanji1,漢字1年,六月,2,1,○,
806,kanji2,漢字2年,引,1,2,○,
807,kanji2,漢字2年,羽,1,2,○,
808,kanji2,漢字2年,雲,1,2,○,
809,kanji2,漢字2年,園,1,2,○,
810,kanji2,漢字2年,遠,1,2,○,
811,kanji2,漢字2年,何,1,2,○,
812,kanji2,漢字2年,科,1,2,○,
813,kanji2,漢字2年,夏,1,2,○,
814,kanji2,漢字2年,家,1,2,○,
815,kanji2,漢字2年,歌,1,2,○,
816,kanji2,漢字2年,画,1,2,○,
817,kanji2,漢字2年,回,1,2,○,
818,kanji2,漢字2年,会,1,2,○,
819,kanji2,漢字2年,海,1,2,○,
820,kanji2,漢字2年,絵,1,2,○,
821,kanji2,漢字2年,外,1,2,○,
822,kanji2,漢字2年,角,1,2,○,
823,kanji2,漢字2年,楽,1,2,○,
824,kanji2,漢字2年,活,1,2,○,
825,kanji2,漢字2年,間,1,2,○,
826,kanji2,漢字2年,丸,1,2,○,
827,kanji2,漢字2年,岩,1,2,○,
828,kanji2,漢字2年,顔,1,2,○,
829,kanji2,漢字2年,汽,1,2,○,
830,kanji2,漢字2年,記,1,2,○,
831,kanji2,漢字2年,帰,1,2,○,
832,kanji2,漢字2年,弓,1,2,○,
833,kanji2,漢字2年,牛,1,2,○,
834,kanji2,漢字2年,魚,1,2,○,
835,kanji2,漢字2年,京,1,2,○,
836,kanji2,漢字2年,強,1,2,○,
837,kanji2,漢字2年,教,1,2,○,
838,kanji2,漢字2年,近,1,2,○,
839,kanji2,漢字2年,兄,1,2,○,
840,kanji2,漢字2年,形,1,2,○,
841,kanji2,漢字2年,計,1,2,○,
842,kanji2,漢字2年,元,1,2,○,
843,kanji2,漢字2年,言,1,2,○,
844,kanji2,漢字2年,原,1,2,○,
845,kanji2,漢字2年,戸,1,2,○,
846,kanji2,漢字2年,古,1,2,○,
847,kanji2,漢字2年,午,1,2,○,
848,kanji2,漢字2年,後,1,2,○,
849,kanji2,漢字2年,語,1,2,○,
850,kanji2,漢字2年,工,1,2,○,
851,kanji2,漢字2年,公,1,2,○,
852,kanji2,漢字2年,広,1,2,○,
853,kanji2,漢字2年,交,1,2,○,
854,kanji2,漢字2年,光,1,2,○,
855,kanji2,漢字2年,考,1,2,○,
856,kanji2,漢字2年,行,1,2,○,
857,kanji2,漢字2年,高,1,2,○,
858,kanji2,漢字2年,黄,1,2,○,
859,kanji2,漢字2年,合,1,2,○,
860,kanji2,漢字2年,谷,1,2,○,
861,kanji2,漢字2年,国,1,2,○,
862,kanji2,漢字2年,黒,1,2,○,
863,kanji2,漢字2年,今,1,2,○,
864,kanji2,漢字2年,才,1,2,○,
865,kanji2,漢字2年,細,1,2,○,
866,kanji2,漢字2年,作,1,2,○,
867,kanji2,漢字2年,算,1,2,○,
868,kanji2,漢字2年,止,1,2,○,
869,kanji2,漢字2年,市,1,2,○,
870,kanji2,漢字2年,矢,1,2,○,
871,kanji2,漢字2年,姉,1,2,○,
872,kanji2,漢字2年,思,1,2,○,
873,kanji2,漢字2年,紙,1,2,○,
874,kanji2,漢字2年,寺,1,2,○,
875,kanji2,漢字2年,自,1,2,○,
876,kanji2,漢字2年,時,1,2,○,
877,kanji2,漢字2年,室,1,2,○,
878,kanji2,漢字2年,社,1,2,○,
879,kanji2,漢字2年,弱,1,2,○,
880,kanji2,漢字2年,首,1,2,○,
881,kanji2,漢字2年,秋,1,2,○,
882,kanji2,漢字2年,週,1,2,○,
883,kanji2,漢字2年,春,1,2,○,
884,kanji2,漢字2年,書,1,2,○,
885,kanji2,漢字2年,少,1,2,○,
886,kanji2,漢字2年,場,1,2,○,
887,kanji2,漢字2年,色,1,2,○,
888,kanji2,漢字2年,食,1,2,○,
889,kanji2,漢字2年,心,1,2,○,
890,kanji2,漢字2年,新,1,2,○,
891,kanji2,漢字2年,親,1,2,○,
892,kanji2,漢字2年,図,1,2,○,
893,kanji2,漢字2年,数,1,2,○,
894,kanji2,漢字2年,西,1,2,○,
895,kanji2,漢字2年,声,1,2,○,
896,kanji2,漢字2年,星,1,2,○,
897,kanji2,漢字2年,晴,1,2,○,
898,kanji2,漢字2年,切,1,2,○,
899,kanji2,漢字2年,雪,1,2,○,
900,kanji2,漢字2年,船,1,2,○,
901,kanji2,漢字2年,線,1,2,○,
902,kanji2,漢字2年,前,1,2,○,
903,kanji2,漢字2年,組,1,2,○,
904,kanji2,漢字2年,走,1,2,○,
905,kanji2,漢字2年,多,1,2,○,
906,kanji2,漢字2年,太,1,2,○,
907,kanji2,漢字2年,体,1,2,○,
908,kanji2,漢字2年,台,1,2,○,
909,kanji2,漢字2年,地,1,2,○,
910,kanji2,漢字2年,池,1,2,○,
911,kanji2,漢字2年,知,1,2,○,
912,kanji2,漢字2年,茶,1,2,○,
913,kanji2,漢字2年,昼,1,2,○,
914,kanji2,漢字2年,長,1,2,○,
915,kanji2,漢字2年,鳥,1,2,○,
916,kanji2,漢字2年,朝,1,2,○,
917,kanji2,漢字2年,直,1,2,○,
918,kanji2,漢字2年,通,1,2,○,
919,kanji2,漢字2年,弟,1,2,○,
920,kanji2,漢字2年,店,1,2,○,
921,kanji2,漢字2年,点,1,2,○,
922,kanji2,漢字2年,電,1,2,○,
923,kanji2,漢字2年,刀,1,2,○,
924,kanji2,漢字2年,冬,1,2,○,
925,kanji2,漢字2年,当,1,2,○,
926,kanji2,漢字2年,東,1,2,○,
927,kanji2,漢字2年,答,1,2,○,
928,kanji2,漢字2年,頭,1,2,○,
929,kanji2,漢字2年,同,1,2,○,
930,kanji2,漢字2年,道,1,2,○,
931,kanji2,漢字2年,読,1,2,○,
932,kanji2,漢字2年,内,1,2,○,
933,kanji2,漢字2年,南,1,2,○,
934,kanji2,漢字2年,肉,1,2,○,
935,kanji2,漢字2年,馬,1,2,○,
936,kanji2,漢字2年,売,1,2,○,
937,kanji2,漢字2年,買,1,2,○,
938,kanji2,漢字2年,麦,1,2,○,
939,kanji2,漢字2年,半,1,2,○,
940,kanji2,漢字2年,番,1,2,○,
941,kanji2,漢字2年,父,1,2,○,
942,kanji2,漢字2年,風,1,2,○,
943,kanji2,漢字2年,分,1,2,○,
944,kanji2,漢字2年,聞,1,2,○,
945,kanji2,漢字2年,米,1,2,○,
946,kanji2,漢字2年,歩,1,2,○,
947,kanji2,漢字2年,母,1,2,○,
948,kanji2,漢字2年,方,1,2,○,
949,kanji2,漢字2年,北,1,2,○,
950,kanji2,漢字2年,毎,1,2,○,
951,kanji2,漢字2年,妹,1,2,○,
952,kanji2,漢字2年,万,1,2,○,
953,kanji2,漢字2年,明,1,2,○,
954,kanji2,漢字2年,鳴,1,2,○,
955,kanji2,漢字2年,毛,1,2,○,
956,kanji2,漢字2年,門,1,2,○,
957,kanji2,漢字2年,夜,1,2,○,
958,kanji2,漢字2年,野,1,2,○,
959,kanji2,漢字2年,友,1,2,○,
960,kanji2,漢字2年,用,1,2,○,
961,kanji2,漢字2年,曜,1,2,○,
962,kanji2,漢字2年,来,1,2,○,
963,kanji2,漢字2年,里,1,2,○,
964,kanji2,漢字2年,理,1,2,○,
965,kanji2,漢字2年,話,1,2,○,
966,kanji2,漢字2年,引力,2,2,○,
967,kanji2,漢字2年,羽毛,2,2,○,
968,kanji2,漢字2年,雲海,2,2,○,
969,kanji2,漢字2年,公園,2,2,○,
970,kanji2,漢字2年,遠足,2,2,○,
971,kanji2,漢字2年,何人,2,2,○,
972,kanji2,漢字2年,理科,2,2,○,
973,kanji2,漢字2年,夏休み,3,2,○,
974,kanji2,漢字2年,家族,2,2,○,
975,kanji2,漢字2年,歌声,2,2,○,
976,kanji2,漢字2年,映画,2,2,○,
977,kanji2,漢字2年,一回,2,2,○,
978,kanji2,漢字2年,会社,2,2,○,
979,kanji2,漢字2年,海外,2,2,○,
980,kanji2,漢字2年,絵本,2,2,○,
981,kanji2,漢字2年,外国,2,2,○,
982,kanji2,漢字2年,三角,2,2,○,
983,kanji2,漢字2年,音楽,2,2,○,
984,kanji2,漢字2年,生活,2,2,○,
985,kanji2,漢字2年,時間,2,2,○,
986,kanji2,漢字2年,丸太,2,2,○,
987,kanji2,漢字2年,岩山,2,2,○,
988,kanji2,漢字2年,笑顔,2,2,○,
989,kanji2,漢字2年,汽車,2,2,○,
990,kanji2,漢字2年,日記,2,2,○,
991,kanji2,漢字2年,帰国,2,2,○,
992,kanji2,漢字2年,弓矢,2,2,○,
993,kanji2,漢字2年,牛肉,2,2,○,
994,kanji2,漢字2年,金魚,2,2,○,
995,kanji2,漢字2年,東京,2,2,○,
996,kanji2,漢字2年,強力,2,2,○,
997,kanji2,漢字2年,教室,2,2,○,
998,kanji2,漢字2年,近道,2,2,○,
999,kanji2,漢字2年,兄弟,2,2,○,
1000,kanji2,漢字2年,図形,2,2,○,
1001,kanji2,漢字2年,時計,2,2,○,
1002,kanji2,漢字2年,元気,2,2,○,
1003,kanji2,漢字2年,言葉,2,2,○,
1004,kanji2,漢字2年,原野,2,2,○,
1005,kanji2,漢字2年,戸口,2,2,○,
1006,kanji2,漢字2年,古本,2,2,○,
1007,kanji2,漢字2年,午後,2,2,○,
1008,kanji2,漢字2年,国語,2,2,○,
1009,kanji2,漢字2年,工作,2,2,○,
1010,kanji2,漢字2年,広場,2,2,○,
1011,kanji2,漢字2年,交通,2,2,○,
1012,kanji2,漢字2年,日光,2,2,○,
1013,kanji2,漢字2年,考え,2,2,○,
1014,kanji2,漢字2年,銀行,2,2,○,
1015,kanji2,漢字2年,高校,2,2,○,
1016,kanji2,漢字2年,黄色,2,2,○,
1017,kanji2,漢字2年,合図,2,2,○,
1018,kanji2,漢字2年,谷川,2,2,○,
1019,kanji2,漢字2年,黒板,2,2,○,
1020,kanji2,漢字2年,今日,2,2,○,
1021,kanji2,漢字2年,天才,2,2,○,
1022,kanji2,漢字2年,細道,2,2,○,
1023,kanji2,漢字2年,作文,2,2,○,
1024,kanji2,漢字2年,計算,2,2,○,
1025,kanji2,漢字2年,中止,2,2,○,
1026,kanji2,漢字2年,市内,2,2,○,
1027,kanji2,漢字2年,矢印,2,2,○,
1028,kanji2,漢字2年,姉妹,2,2,○,
1029,kanji2,漢字2年,思考,2,2,○,
1030,kanji2,漢字2年,画用紙,3,2,○,
1031,kanji2,漢字2年,寺院,2,2,○,
1032,kanji2,漢字2年,自分,2,2,○,
1033,kanji2,漢字2年,弱点,2,2,○,
1034,kanji2,漢字2年,首元,2,2,○,
1035,kanji2,漢字2年,秋空,2,2,○,
1036,kanji2,漢字2年,今週,2,2,○,
1037,kanji2,漢字2年,青春,2,2,○,
1038,kanji2,漢字2年,読書,2,2,○,
1039,kanji2,漢字2年,少女,2,2,○,
1040,kanji2,漢字2年,工場,2,2,○,
1041,kanji2,漢字2年,色紙,2,2,○,
1042,kanji2,漢字2年,食事,2,2,○,
1043,kanji2,漢字2年,中心,2,2,○,
1044,kanji2,漢字2年,新聞,2,2,○,
1045,kanji2,漢字2年,親子,2,2,○,
1046,kanji2,漢字2年,地図,2,2,○,
1047,kanji2,漢字2年,数字,2,2,○,
1048,kanji2,漢字2年,西口,2,2,○,
1049,kanji2,漢字2年,大声,2,2,○,
1050,kanji2,漢字2年,星空,2,2,○,
1051,kanji2,漢字2年,晴天,2,2,○,
1052,kanji2,漢字2年,切手,2,2,○,
1053,kanji2,漢字2年,大雪,2,2,○,
1054,kanji2,漢字2年,汽船,2,2,○,
1055,kanji2,漢字2年,直線,2,2,○,
1056,kanji2,漢字2年,名前,2,2,○,
1057,kanji2,漢字2年,組立,2,2,○,
1058,kanji2,漢字2年,走行,2,2,○,
1059,kanji2,漢字2年,多数,2,2,○,
1060,kanji2,漢字2年,太字,2,2,○,
1061,kanji2,漢字2年,体力,2,2,○,
1062,kanji2,漢字2年,台風,2,2,○,
1063,kanji2,漢字2年,土地,2,2,○,
1064,kanji2,漢字2年,池水,2,2,○,
1065,kanji2,漢字2年,知人,2,2,○,
1066,kanji2,漢字2年,お茶,2,2,○,
1067,kanji2,漢字2年,昼食,2,2,○,
1068,kanji2,漢字2年,長男,2,2,○,
1069,kanji2,漢字2年,小鳥,2,2,○,
1070,kanji2,漢字2年,朝日,2,2,○,
1071,kanji2,漢字2年,弟子,2,2,○,
1072,kanji2,漢字2年,書店,2,2,○,
1073,kanji2,漢字2年,点数,2,2,○,
1074,kanji2,漢字2年,電気,2,2,○,
1075,kanji2,漢字2年,日本刀,3,2,○,
1076,kanji2,漢字2年,冬空,2,2,○,
1077,kanji2,漢字2年,本当,2,2,○,
1078,kanji2,漢字2年,東口,2,2,○,
1079,kanji2,漢字2年,答え,2,2,○,
1080,kanji2,漢字2年,先頭,2,2,○,
1081,kanji2,漢字2年,同時,2,2,○,
1082,kanji2,漢字2年,道路,2,2,○,
1083,kanji2,漢字2年,校内,2,2,○,
1084,kanji2,漢字2年,南口,2,2,○,
1085,kanji2,漢字2年,白馬,2,2,○,
1086,kanji2,漢字2年,売店,2,2,○,
1087,kanji2,漢字2年,買物,2,2,○,
1088,kanji2,漢字2年,小麦,2,2,○,
1089,kanji2,漢字2年,半分,2,2,○,
1090,kanji2,漢字2年,番号,2,2,○,
1091,kanji2,漢字2年,父母,2,2,○,
1092,kanji2,漢字2年,白米,2,2,○,
1093,kanji2,漢字2年,歩道,2,2,○,
1094,kanji2,漢字2年,母校,2,2,○,
1095,kanji2,漢字2年,地方,2,2,○,
1096,kanji2,漢字2年,北口,2,2,○,
1097,kanji2,漢字2年,毎日,2,2,○,
1098,kanji2,漢字2年,一万,2,2,○,
1099,kanji2,漢字2年,明日,2,2,○,
1100,kanji2,漢字2年,鳴き声,3,2,○,
1101,kanji2,漢字2年,毛糸,2,2,○,
1102,kanji2,漢字2年,校門,2,2,○,
1103,kanji2,漢字2年,夜空,2,2,○,
1104,kanji2,漢字2年,野原,2,2,○,
1105,kanji2,漢字2年,友人,2,2,○,
1106,kanji2,漢字2年,用紙,2,2,○,
1107,kanji2,漢字2年,日曜,2,2,○,
1108,kanji2,漢字2年,来年,2,2,○,
1109,kanji2,漢字2年,里山,2,2,○,
1110,kanji2,漢字2年,理由,2,2,○,
1111,kanji2,漢字2年,会話,2,2,○,
